{
  "$schema": "https://data.trainarrives.in/schemas/lines_v1.json",
  "lines": [
    {
      "id": 1,
      "name": "Pakenham",
      "service": "metro",
      "group": "cyan",
      "ptvRoutes": [
        11
      ],
      "type": "city-loop",
      "portal": "richmond",
      "regularStops": [
        1153,
        1223,
        1151,
        1017,
        1021,
        1139,
        1085,
        1049,
        1215,
        1142,
        1172,
        1183,
        1208,
        1040,
        1099,
        1150,
        1098,
        1138,
        1034,
        1036,
        1118,
        1008,
        1194,
        1089,
        1180,
        1162
      ]
    },
    {
      "id": 2,
      "name": "Gippsland",
      "service": "regional",
      "group": "purple",
      "ptvRoutes": [
        1823,
        1824
      ],
      "type": "regular",
      "stops": [
        1504,
        1558,
        1553,
        1551,
        1563,
        1542,
        1540,
        1562,
        1573,
        1568,
        1521,
        1536,
        1512,
        1526,
        1564,
        1545,
        1153,
        1021,
        1049,
        1040,
        1036,
        1162,
        1071,
        1181
      ]
    },
    {
      "id": 3,
      "name": "Cranbourne",
      "service": "metro",
      "group": "cyan",
      "ptvRoutes": [
        4
      ],
      "type": "city-loop",
      "portal": "richmond",
      "regularStops": [
        1045,
        1123,
        1222,
        1049,
        1215,
        1142,
        1172,
        1183,
        1208,
        1040,
        1099,
        1150,
        1098,
        1138,
        1034,
        1036,
        1118,
        1008,
        1194,
        1089,
        1180,
        1162
      ]
    },
    {
      "id": 4,
      "name": "Frankston",
      "service": "metro",
      "group": "green",
      "ptvRoutes": [
        6
      ],
      "type": "regular",
      "stops": [
        1073,
        1106,
        1174,
        1035,
        1024,
        1038,
        1060,
        1011,
        1134,
        1154,
        1122,
        1039,
        1001,
        1095,
        1132,
        1157,
        1020,
        1119,
        1152,
        1081,
        1036,
        1118,
        1008,
        1194,
        1089,
        1180,
        1162,
        1071
      ]
    },
    {
      "id": 5,
      "name": "Sandringham",
      "service": "metro",
      "group": "pink",
      "ptvRoutes": [
        12
      ],
      "type": "regular",
      "stops": [
        1173,
        1086,
        1027,
        1126,
        1143,
        1074,
        1061,
        1165,
        1013,
        1214,
        1158,
        1180,
        1162,
        1071
      ]
    },
    {
      "id": 6,
      "name": "Williamstown",
      "service": "metro",
      "group": "green",
      "ptvRoutes": [
        17
      ],
      "type": "regular",
      "stops": [
        1211,
        1212,
        1146,
        1141,
        1182,
        1216,
        1176,
        1072,
        1179,
        1144,
        1181,
        1071
      ]
    },
    {
      "id": 7,
      "name": "Werribee",
      "service": "metro",
      "group": "green",
      "ptvRoutes": [
        16
      ],
      "type": "regular",
      "stops": [
        1205,
        1097,
        1225,
        1220,
        1113,
        1210,
        1005,
        1175,
        1141,
        1182,
        1216,
        1176,
        1072,
        1179,
        1144,
        1181,
        1071
      ]
    },
    {
      "id": 8,
      "name": "Stony Point",
      "service": "metro",
      "group": "green",
      "ptvRoutes": [
        13
      ],
      "type": "regular",
      "stops": [
        1185,
        1046,
        1136,
        1022,
        1088,
        1197,
        1178,
        1015,
        1114,
        1073
      ]
    },
    {
      "id": 9,
      "name": "Upfield",
      "service": "metro",
      "group": "yellow",
      "ptvRoutes": [
        15
      ],
      "type": "city-loop",
      "portal": "north-melbourne",
      "regularStops": [
        1198,
        1083,
        1066,
        1124,
        1014,
        1042,
        1135,
        1006,
        1029,
        1103,
        1169,
        1069,
        1116,
        1144
      ]
    },
    {
      "id": 10,
      "name": "Glen Waverley",
      "service": "metro",
      "group": "blue",
      "ptvRoutes": [
        7
      ],
      "type": "city-loop",
      "portal": "richmond",
      "regularStops": [
        1078,
        1190,
        1137,
        1105,
        1096,
        1058,
        1051,
        1077,
        1075,
        1195,
        1110,
        1094,
        1030,
        1059,
        1162
      ]
    },
    {
      "id": 11,
      "name": "Alamein",
      "service": "metro",
      "group": "blue",
      "ptvRoutes": [
        1
      ],
      "type": "city-loop",
      "portal": "richmond",
      "regularStops": [
        1002,
        1010,
        1031,
        1087,
        1213,
        1166,
        1032,
        1012,
        1080,
        1090,
        1030,
        1059,
        1162
      ]
    },
    {
      "id": 12,
      "name": "Belgrave",
      "service": "metro",
      "group": "blue",
      "ptvRoutes": [
        2
      ],
      "type": "city-loop",
      "portal": "richmond",
      "regularStops": [
        1018,
        1191,
        1200,
        1199,
        1067,
        1025,
        1016,
        1092,
        1163,
        1091,
        1128,
        1148,
        1023,
        1111,
        1026,
        1129,
        1189,
        1037,
        1033,
        1057,
        1032,
        1012,
        1080,
        1090,
        1030,
        1059,
        1162
      ]
    },
    {
      "id": 13,
      "name": "Lilydale",
      "service": "metro",
      "group": "blue",
      "ptvRoutes": [
        9
      ],
      "type": "city-loop",
      "portal": "richmond",
      "regularStops": [
        1115,
        1133,
        1048,
        1164,
        1163,
        1091,
        1128,
        1148,
        1023,
        1111,
        1026,
        1129,
        1189,
        1037,
        1033,
        1057,
        1032,
        1012,
        1080,
        1090,
        1030,
        1059,
        1162
      ]
    },
    {
      "id": 14,
      "name": "Hurstbridge",
      "service": "metro",
      "group": "red",
      "ptvRoutes": [
        8
      ],
      "type": "city-loop",
      "portal": "jolimont",
      "regularStops": [
        1100,
        1204,
        1054,
        1062,
        1130,
        1084,
        1203,
        1117,
        1168,
        1093,
        1056,
        1101,
        1050,
        1004,
        1065,
        1053,
        1209,
        1041,
        1201,
        1043,
        1145,
        1207,
        1104
      ]
    },
    {
      "id": 15,
      "name": "Mernda",
      "service": "metro",
      "group": "red",
      "ptvRoutes": [
        5
      ],
      "type": "city-loop",
      "portal": "jolimont",
      "regularStops": [
        1228,
        1227,
        1226,
        1224,
        1063,
        1112,
        1192,
        1109,
        1171,
        1161,
        1160,
        1159,
        1019,
        1193,
        1047,
        1147,
        1125,
        1170,
        1041,
        1201,
        1043,
        1145,
        1207,
        1104
      ]
    },
    {
      "id": 16,
      "name": "Craigieburn",
      "service": "metro",
      "group": "yellow",
      "ptvRoutes": [
        3
      ],
      "type": "city-loop",
      "portal": "north-melbourne",
      "regularStops": [
        1044,
        1219,
        1221,
        1028,
        1102,
        1082,
        1149,
        1156,
        1186,
        1079,
        1064,
        1131,
        1009,
        1140,
        1108,
        1144
      ]
    },
    {
      "id": 17,
      "name": "Sunbury",
      "service": "metro",
      "group": "yellow",
      "ptvRoutes": [
        14
      ],
      "type": "city-loop",
      "portal": "north-melbourne",
      "regularStops": [
        1187,
        1055,
        1202,
        1107,
        1184,
        1076,
        1003,
        1218,
        1196,
        1206,
        1127,
        1072,
        1179,
        1144
      ]
    }
  ]
}
