{
  "$schema": "https://data.trainarrives.in/schemas/stops_v1.json",
  "stops": [
    {
      "id": 1153,
      "name": "Pakenham",
      "adjacent": [
        1545,
        1223
      ],
      "urlName": "pakenham",
      "platforms": [
        {
          "id": "1"
        },
        {
          "id": "2"
        }
      ]
    },
    {
      "id": 1223,
      "name": "Cardinia Road",
      "adjacent": [
        1153,
        1151
      ],
      "urlName": "cardiniaroad",
      "platforms": [
        {
          "id": "1",
          "rules": [
            "up"
          ]
        },
        {
          "id": "2",
          "rules": [
            "down"
          ]
        }
      ]
    },
    {
      "id": 1151,
      "name": "Officer",
      "adjacent": [
        1223,
        1017
      ],
      "urlName": "officer",
      "platforms": [
        {
          "id": "1",
          "rules": [
            "up"
          ]
        },
        {
          "id": "2",
          "rules": [
            "down"
          ]
        }
      ]
    },
    {
      "id": 1017,
      "name": "Beaconsfield",
      "adjacent": [
        1151,
        1021
      ],
      "urlName": "beaconsfield",
      "platforms": [
        {
          "id": "1",
          "rules": [
            "up"
          ]
        },
        {
          "id": "2",
          "rules": [
            "down"
          ]
        }
      ]
    },
    {
      "id": 1021,
      "name": "Berwick",
      "adjacent": [
        1017,
        1139
      ],
      "urlName": "berwick",
      "platforms": [
        {
          "id": "1",
          "rules": [
            "up"
          ]
        },
        {
          "id": "2",
          "rules": [
            "down"
          ]
        }
      ]
    },
    {
      "id": 1139,
      "name": "Narre Warren",
      "adjacent": [
        1021,
        1085
      ],
      "urlName": "narrewarren",
      "platforms": [
        {
          "id": "1",
          "rules": [
            "up"
          ]
        },
        {
          "id": "2",
          "rules": [
            "down"
          ]
        }
      ]
    },
    {
      "id": 1085,
      "name": "Hallam",
      "adjacent": [
        1139,
        1049
      ],
      "urlName": "hallam",
      "platforms": [
        {
          "id": "1",
          "rules": [
            "up"
          ]
        },
        {
          "id": "2",
          "rules": [
            "down"
          ]
        }
      ]
    },
    {
      "id": 1049,
      "name": "Dandenong",
      "adjacent": [
        1085,
        1215,
        1222
      ],
      "urlName": "dandenong",
      "platforms": [
        {
          "id": "1",
          "rules": [
            "up cranbourne",
            "down cranbourne"
          ]
        },
        {
          "id": "2",
          "rules": [
            "up pakenham",
            "up purple"
          ]
        },
        {
          "id": "3",
          "rules": [
            "down"
          ]
        }
      ]
    },
    {
      "id": 1215,
      "name": "Yarraman",
      "adjacent": [
        1049,
        1142
      ],
      "urlName": "yarraman",
      "platforms": [
        {
          "id": "1",
          "rules": [
            "up"
          ]
        },
        {
          "id": "2",
          "rules": [
            "down"
          ]
        }
      ]
    },
    {
      "id": 1142,
      "name": "Noble Park",
      "adjacent": [
        1215,
        1172
      ],
      "urlName": "noblepark",
      "platforms": [
        {
          "id": "1",
          "rules": [
            "up"
          ]
        },
        {
          "id": "2",
          "rules": [
            "down"
          ]
        }
      ]
    },
    {
      "id": 1172,
      "name": "Sandown Park",
      "adjacent": [
        1142,
        1183
      ],
      "urlName": "sandownpark",
      "platforms": [
        {
          "id": "1",
          "rules": [
            "up"
          ]
        },
        {
          "id": "2",
          "rules": [
            "down"
          ]
        }
      ]
    },
    {
      "id": 1183,
      "name": "Springvale",
      "adjacent": [
        1172,
        1208
      ],
      "urlName": "springvale",
      "platforms": [
        {
          "id": "1",
          "rules": [
            "up"
          ]
        },
        {
          "id": "2",
          "rules": [
            "down"
          ]
        }
      ]
    },
    {
      "id": 1208,
      "name": "Westall",
      "adjacent": [
        1183,
        1040
      ],
      "urlName": "westall",
      "platforms": [
        {
          "id": "1",
          "rules": [
            "up"
          ]
        },
        {
          "id": "2"
        },
        {
          "id": "3",
          "rules": [
            "down"
          ]
        }
      ]
    },
    {
      "id": 1040,
      "name": "Clayton",
      "adjacent": [
        1208,
        1099
      ],
      "urlName": "clayton",
      "platforms": [
        {
          "id": "1",
          "rules": [
            "up"
          ]
        },
        {
          "id": "2",
          "rules": [
            "down"
          ]
        }
      ]
    },
    {
      "id": 1099,
      "name": "Huntingdale",
      "adjacent": [
        1040,
        1150
      ],
      "urlName": "huntingdale",
      "platforms": [
        {
          "id": "1",
          "rules": [
            "up"
          ]
        },
        {
          "id": "2",
          "rules": [
            "down"
          ]
        }
      ]
    },
    {
      "id": 1150,
      "name": "Oakleigh",
      "adjacent": [
        1099,
        1098
      ],
      "urlName": "oakleigh",
      "platforms": [
        {
          "id": "1",
          "rules": [
            "up"
          ]
        },
        {
          "id": "2",
          "rules": [
            "down"
          ]
        }
      ]
    },
    {
      "id": 1098,
      "name": "Hughesdale",
      "adjacent": [
        1150,
        1138
      ],
      "urlName": "hughesdale",
      "platforms": [
        {
          "id": "1",
          "rules": [
            "up"
          ]
        },
        {
          "id": "2",
          "rules": [
            "down"
          ]
        }
      ]
    },
    {
      "id": 1138,
      "name": "Murrumbeena",
      "adjacent": [
        1098,
        1034
      ],
      "urlName": "murrumbeena",
      "platforms": [
        {
          "id": "1",
          "rules": [
            "up"
          ]
        },
        {
          "id": "2",
          "rules": [
            "down"
          ]
        }
      ]
    },
    {
      "id": 1034,
      "name": "Carnegie",
      "adjacent": [
        1138,
        1036
      ],
      "urlName": "carnegie",
      "platforms": [
        {
          "id": "1",
          "rules": [
            "up"
          ]
        },
        {
          "id": "2",
          "rules": [
            "down"
          ]
        }
      ]
    },
    {
      "id": 1036,
      "name": "Caulfield",
      "adjacent": [
        1034,
        1118,
        1081
      ],
      "urlName": "caulfield",
      "platforms": [
        {
          "id": "1",
          "rules": [
            "up green"
          ]
        },
        {
          "id": "2",
          "rules": [
            "down green"
          ]
        },
        {
          "id": "3",
          "rules": [
            "up cyan",
            "up purple"
          ]
        },
        {
          "id": "4",
          "rules": [
            "down cyan",
            "down purple"
          ]
        }
      ]
    },
    {
      "id": 1118,
      "name": "Malvern",
      "adjacent": [
        1036,
        1008
      ],
      "urlName": "malvern",
      "platforms": [
        {
          "id": "1",
          "rules": [
            "up green"
          ]
        },
        {
          "id": "2",
          "rules": [
            "down green"
          ]
        },
        {
          "id": "3",
          "rules": [
            "up cyan"
          ]
        },
        {
          "id": "4",
          "rules": [
            "down cyan"
          ]
        }
      ]
    },
    {
      "id": 1008,
      "name": "Armadale",
      "adjacent": [
        1118,
        1194
      ],
      "urlName": "armadale",
      "platforms": [
        {
          "id": "1",
          "rules": [
            "up green"
          ]
        },
        {
          "id": "2",
          "rules": [
            "down green"
          ]
        },
        {
          "id": "3",
          "rules": [
            "up cyan"
          ]
        },
        {
          "id": "4",
          "rules": [
            "down cyan"
          ]
        }
      ]
    },
    {
      "id": 1194,
      "name": "Toorak",
      "adjacent": [
        1008,
        1089
      ],
      "urlName": "toorak",
      "platforms": [
        {
          "id": "1",
          "rules": [
            "up green"
          ]
        },
        {
          "id": "2",
          "rules": [
            "down green"
          ]
        },
        {
          "id": "3",
          "rules": [
            "up cyan"
          ]
        },
        {
          "id": "4",
          "rules": [
            "down cyan"
          ]
        }
      ]
    },
    {
      "id": 1089,
      "name": "Hawksburn",
      "adjacent": [
        1194,
        1180
      ],
      "urlName": "hawksburn",
      "platforms": [
        {
          "id": "1",
          "rules": [
            "up green"
          ]
        },
        {
          "id": "2",
          "rules": [
            "down green"
          ]
        },
        {
          "id": "3",
          "rules": [
            "up cyan"
          ]
        },
        {
          "id": "4",
          "rules": [
            "down cyan"
          ]
        }
      ]
    },
    {
      "id": 1180,
      "name": "South Yarra",
      "adjacent": [
        1089,
        1162,
        1158
      ],
      "urlName": "southyarra",
      "platforms": [
        {
          "id": "1",
          "rules": [
            "up pink"
          ]
        },
        {
          "id": "2",
          "rules": [
            "down pink"
          ]
        },
        {
          "id": "3",
          "rules": [
            "up green"
          ]
        },
        {
          "id": "4",
          "rules": [
            "down green"
          ]
        },
        {
          "id": "5",
          "rules": [
            "up cyan"
          ]
        },
        {
          "id": "6",
          "rules": [
            "down cyan"
          ]
        }
      ]
    },
    {
      "id": 1155,
      "name": "Parliament",
      "adjacent": [
        1120,
        1071,
        1162,
        1104
      ],
      "urlName": "parliament",
      "platforms": [
        {
          "id": "1",
          "rules": [
            "red"
          ]
        },
        {
          "id": "2",
          "rules": [
            "cyan"
          ]
        },
        {
          "id": "3",
          "rules": [
            "yellow"
          ]
        },
        {
          "id": "4",
          "rules": [
            "blue"
          ]
        }
      ]
    },
    {
      "id": 1120,
      "name": "Melbourne Central",
      "adjacent": [
        1068,
        1155
      ],
      "urlName": "melbournecentral",
      "platforms": [
        {
          "id": "1",
          "rules": [
            "red"
          ]
        },
        {
          "id": "2",
          "rules": [
            "cyan"
          ]
        },
        {
          "id": "3",
          "rules": [
            "yellow"
          ]
        },
        {
          "id": "4",
          "rules": [
            "blue"
          ]
        }
      ]
    },
    {
      "id": 1068,
      "name": "Flagstaff",
      "adjacent": [
        1120,
        1181,
        1144
      ],
      "urlName": "flagstaff",
      "platforms": [
        {
          "id": "1",
          "rules": [
            "red"
          ]
        },
        {
          "id": "2",
          "rules": [
            "cyan"
          ]
        },
        {
          "id": "3",
          "rules": [
            "yellow"
          ]
        },
        {
          "id": "4",
          "rules": [
            "blue"
          ]
        }
      ]
    },
    {
      "id": 1181,
      "name": "Southern Cross",
      "adjacent": [
        1144,
        1068,
        1071
      ],
      "urlName": "southerncross",
      "platforms": [
        {
          "id": "1",
          "rules": [
            "purple"
          ]
        },
        {
          "id": "2a",
          "rules": [
            "purple"
          ]
        },
        {
          "id": "2b",
          "rules": [
            "purple"
          ]
        },
        {
          "id": "3a",
          "rules": [
            "purple"
          ]
        },
        {
          "id": "3b",
          "rules": [
            "purple"
          ]
        },
        {
          "id": "4a",
          "rules": [
            "purple"
          ]
        },
        {
          "id": "4b",
          "rules": [
            "purple"
          ]
        },
        {
          "id": "5a",
          "rules": [
            "purple"
          ]
        },
        {
          "id": "5b",
          "rules": [
            "purple"
          ]
        },
        {
          "id": "6a",
          "rules": [
            "purple"
          ]
        },
        {
          "id": "6b",
          "rules": [
            "purple"
          ]
        },
        {
          "id": "7a",
          "rules": [
            "purple"
          ]
        },
        {
          "id": "7b",
          "rules": [
            "purple"
          ]
        },
        {
          "id": "8a",
          "rules": [
            "purple"
          ]
        },
        {
          "id": "8b",
          "rules": [
            "purple"
          ]
        },
        {
          "id": "8s",
          "rules": [
            "purple"
          ]
        },
        {
          "id": "9",
          "rules": [
            "red"
          ]
        },
        {
          "id": "10",
          "rules": [
            "blue"
          ]
        },
        {
          "id": "11",
          "rules": [
            "yellow"
          ]
        },
        {
          "id": "12",
          "rules": [
            "cyan"
          ]
        },
        {
          "id": "13",
          "rules": [
            "up green"
          ]
        },
        {
          "id": "14",
          "rules": [
            "down green"
          ]
        },
        {
          "id": "15a",
          "rules": [
            "purple"
          ]
        },
        {
          "id": "15b",
          "rules": [
            "purple"
          ]
        },
        {
          "id": "16a",
          "rules": [
            "purple"
          ]
        },
        {
          "id": "16b",
          "rules": [
            "purple"
          ]
        }
      ]
    },
    {
      "id": 1071,
      "name": "Flinders Street",
      "adjacent": [
        1181,
        1162,
        1104,
        1155
      ],
      "urlName": "flindersstreet",
      "platforms": [
        {
          "id": "1"
        },
        {
          "id": "2"
        },
        {
          "id": "3"
        },
        {
          "id": "4"
        },
        {
          "id": "5"
        },
        {
          "id": "6"
        },
        {
          "id": "7"
        },
        {
          "id": "8"
        },
        {
          "id": "9"
        },
        {
          "id": "10"
        },
        {
          "id": "12"
        },
        {
          "id": "13"
        },
        {
          "id": "14"
        }
      ]
    },
    {
      "id": 1162,
      "name": "Richmond",
      "adjacent": [
        1071,
        1180,
        1155,
        1059
      ],
      "urlName": "richmond",
      "platforms": [
        {
          "id": "1",
          "rules": [
            "up pink"
          ]
        },
        {
          "id": "2",
          "rules": [
            "down pink"
          ]
        },
        {
          "id": "3",
          "rules": [
            "up green"
          ]
        },
        {
          "id": "4",
          "rules": [
            "down green"
          ]
        },
        {
          "id": "5",
          "rules": [
            "up cyan",
            "up purple"
          ]
        },
        {
          "id": "6",
          "rules": [
            "down cyan",
            "down purple"
          ]
        },
        {
          "id": "7",
          "rules": [
            "loop-up-direct blue"
          ]
        },
        {
          "id": "8",
          "rules": [
            "up blue"
          ]
        },
        {
          "id": "9",
          "rules": [
            "down blue"
          ]
        },
        {
          "id": "10",
          "rules": [
            "loop-down-direct blue"
          ]
        }
      ]
    },
    {
      "id": 1104,
      "name": "Jolimont",
      "adjacent": [
        1071,
        1155,
        1207
      ],
      "urlName": "jolimont",
      "platforms": [
        {
          "id": "1",
          "rules": [
            "up"
          ]
        },
        {
          "id": "2",
          "rules": [
            "down"
          ]
        }
      ]
    },
    {
      "id": 1144,
      "name": "North Melbourne",
      "adjacent": [
        1181,
        1068,
        1179,
        1116,
        1108
      ],
      "urlName": "northmelbourne",
      "platforms": [
        {
          "id": "1",
          "rules": [
            "up craigieburn",
            "up upfield"
          ]
        },
        {
          "id": "2",
          "rules": [
            "down craigieburn",
            "down upfield"
          ]
        },
        {
          "id": "3",
          "rules": [
            "up sunbury"
          ]
        },
        {
          "id": "4",
          "rules": [
            "down sunbury"
          ]
        },
        {
          "id": "5",
          "rules": [
            "up craigieburn",
            "up green"
          ]
        },
        {
          "id": "6",
          "rules": [
            "down craigieburn",
            "down green"
          ]
        }
      ]
    },
    {
      "id": 1504,
      "name": "Bairnsdale",
      "adjacent": [
        1558
      ],
      "urlName": "bairnsdale",
      "platforms": [
        {
          "id": "1"
        }
      ]
    },
    {
      "id": 1558,
      "name": "Stratford",
      "adjacent": [
        1504,
        1553
      ],
      "urlName": "stratford",
      "platforms": [
        {
          "id": "1"
        }
      ]
    },
    {
      "id": 1553,
      "name": "Sale",
      "adjacent": [
        1558,
        1551
      ],
      "urlName": "sale",
      "platforms": [
        {
          "id": "1"
        }
      ]
    },
    {
      "id": 1551,
      "name": "Rosedale",
      "adjacent": [
        1553,
        1563
      ],
      "urlName": "rosedale",
      "platforms": [
        {
          "id": "1"
        }
      ]
    },
    {
      "id": 1563,
      "name": "Traralgon",
      "adjacent": [
        1551,
        1542
      ],
      "urlName": "traralgon",
      "platforms": [
        {
          "id": "1"
        }
      ]
    },
    {
      "id": 1542,
      "name": "Morwell",
      "adjacent": [
        1563,
        1540
      ],
      "urlName": "morwell",
      "platforms": [
        {
          "id": "1"
        }
      ]
    },
    {
      "id": 1540,
      "name": "Moe",
      "adjacent": [
        1542,
        1562
      ],
      "urlName": "moe",
      "platforms": [
        {
          "id": "1"
        }
      ]
    },
    {
      "id": 1562,
      "name": "Trafalgar",
      "adjacent": [
        1540,
        1573
      ],
      "urlName": "trafalgar",
      "platforms": [
        {
          "id": "1"
        },
        {
          "id": "2"
        }
      ]
    },
    {
      "id": 1573,
      "name": "Yarragon",
      "adjacent": [
        1562,
        1568
      ],
      "urlName": "yarragon",
      "platforms": [
        {
          "id": "1"
        },
        {
          "id": "2"
        }
      ]
    },
    {
      "id": 1568,
      "name": "Warragul",
      "adjacent": [
        1573,
        1521
      ],
      "urlName": "warragul",
      "platforms": [
        {
          "id": "1"
        },
        {
          "id": "2"
        }
      ]
    },
    {
      "id": 1521,
      "name": "Drouin",
      "adjacent": [
        1568,
        1536
      ],
      "urlName": "drouin",
      "platforms": [
        {
          "id": "1"
        },
        {
          "id": "2"
        }
      ]
    },
    {
      "id": 1536,
      "name": "Longwarry",
      "adjacent": [
        1521,
        1512
      ],
      "urlName": "longwarry",
      "platforms": [
        {
          "id": "1"
        }
      ]
    },
    {
      "id": 1512,
      "name": "Bunyip",
      "adjacent": [
        1536,
        1526
      ],
      "urlName": "bunyip",
      "platforms": [
        {
          "id": "1"
        }
      ]
    },
    {
      "id": 1526,
      "name": "Garfield",
      "adjacent": [
        1512,
        1564
      ],
      "urlName": "garfield",
      "platforms": [
        {
          "id": "1"
        },
        {
          "id": "2"
        }
      ]
    },
    {
      "id": 1564,
      "name": "Tynong",
      "adjacent": [
        1526,
        1545
      ],
      "urlName": "tynong",
      "platforms": [
        {
          "id": "1"
        },
        {
          "id": "2"
        }
      ]
    },
    {
      "id": 1545,
      "name": "Nar Nar Goon",
      "adjacent": [
        1564,
        1153
      ],
      "urlName": "narnargoon",
      "platforms": [
        {
          "id": "1"
        },
        {
          "id": "2"
        }
      ]
    },
    {
      "id": 1045,
      "name": "Cranbourne",
      "adjacent": [
        1123
      ],
      "urlName": "cranbourne",
      "platforms": [
        {
          "id": "1"
        },
        {
          "id": "2"
        }
      ]
    },
    {
      "id": 1123,
      "name": "Merinda Park",
      "adjacent": [
        1045,
        1222
      ],
      "urlName": "merindapark",
      "platforms": [
        {
          "id": "1",
          "rules": [
            "up"
          ]
        },
        {
          "id": "2",
          "rules": [
            "down"
          ]
        }
      ]
    },
    {
      "id": 1222,
      "name": "Lynbrook",
      "adjacent": [
        1123,
        1049
      ],
      "urlName": "lynbrook",
      "platforms": [
        {
          "id": "1",
          "rules": [
            "up"
          ]
        },
        {
          "id": "2",
          "rules": [
            "down"
          ]
        }
      ]
    },
    {
      "id": 1185,
      "name": "Stony Point",
      "adjacent": [
        1046
      ],
      "urlName": "stonypoint",
      "platforms": [
        {
          "id": "1"
        }
      ]
    },
    {
      "id": 1046,
      "name": "Crib Point",
      "adjacent": [
        1136,
        1185
      ],
      "urlName": "cribpoint",
      "platforms": [
        {
          "id": "1"
        }
      ]
    },
    {
      "id": 1136,
      "name": "Morradoo",
      "adjacent": [
        1022,
        1046
      ],
      "urlName": "morradoo",
      "platforms": [
        {
          "id": "1"
        }
      ]
    },
    {
      "id": 1022,
      "name": "Bittern",
      "adjacent": [
        1088,
        1136
      ],
      "urlName": "bittern",
      "platforms": [
        {
          "id": "1"
        }
      ]
    },
    {
      "id": 1088,
      "name": "Hastings",
      "adjacent": [
        1197,
        1022
      ],
      "urlName": "hastings",
      "platforms": [
        {
          "id": "1"
        }
      ]
    },
    {
      "id": 1197,
      "name": "Tyabb",
      "adjacent": [
        1178,
        1088
      ],
      "urlName": "tyabb",
      "platforms": [
        {
          "id": "1"
        }
      ]
    },
    {
      "id": 1178,
      "name": "Somerville",
      "adjacent": [
        1015,
        1197
      ],
      "urlName": "somerville",
      "platforms": [
        {
          "id": "1"
        }
      ]
    },
    {
      "id": 1015,
      "name": "Baxter",
      "adjacent": [
        1114,
        1178
      ],
      "urlName": "baxter",
      "platforms": [
        {
          "id": "1"
        }
      ]
    },
    {
      "id": 1114,
      "name": "Leawarra",
      "adjacent": [
        1073,
        1015
      ],
      "urlName": "leawarra",
      "platforms": [
        {
          "id": "1"
        }
      ]
    },
    {
      "id": 1073,
      "name": "Frankston",
      "adjacent": [
        1106,
        1114
      ],
      "urlName": "frankston",
      "platforms": [
        {
          "id": "1",
          "rules": [
            "frankston"
          ]
        },
        {
          "id": "2",
          "rules": [
            "frankston"
          ]
        },
        {
          "id": "3",
          "rules": [
            "stony-point"
          ]
        }
      ]
    },
    {
      "id": 1106,
      "name": "Kananook",
      "adjacent": [
        1174,
        1073
      ],
      "urlName": "kananook",
      "platforms": [
        {
          "id": "1",
          "rules": [
            "up"
          ]
        },
        {
          "id": "2",
          "rules": [
            "down"
          ]
        }
      ]
    },
    {
      "id": 1174,
      "name": "Seaford",
      "adjacent": [
        1035,
        1106
      ],
      "urlName": "seaford",
      "platforms": [
        {
          "id": "1",
          "rules": [
            "up"
          ]
        },
        {
          "id": "2",
          "rules": [
            "down"
          ]
        }
      ]
    },
    {
      "id": 1035,
      "name": "Carrum",
      "adjacent": [
        1024,
        1174
      ],
      "urlName": "carrum",
      "platforms": [
        {
          "id": "1",
          "rules": [
            "up"
          ]
        },
        {
          "id": "2",
          "rules": [
            "down"
          ]
        }
      ]
    },
    {
      "id": 1024,
      "name": "Bonbeach",
      "adjacent": [
        1038,
        1035
      ],
      "urlName": "bonbeach",
      "platforms": [
        {
          "id": "1",
          "rules": [
            "up"
          ]
        },
        {
          "id": "2",
          "rules": [
            "down"
          ]
        }
      ]
    },
    {
      "id": 1038,
      "name": "Chelsea",
      "adjacent": [
        1060,
        1024
      ],
      "urlName": "chelsea",
      "platforms": [
        {
          "id": "1",
          "rules": [
            "up"
          ]
        },
        {
          "id": "2",
          "rules": [
            "down"
          ]
        }
      ]
    },
    {
      "id": 1060,
      "name": "Edithvale",
      "adjacent": [
        1011,
        1038
      ],
      "urlName": "edithvale",
      "platforms": [
        {
          "id": "1",
          "rules": [
            "up"
          ]
        },
        {
          "id": "2",
          "rules": [
            "down"
          ]
        }
      ]
    },
    {
      "id": 1011,
      "name": "Aspendale",
      "adjacent": [
        1134,
        1060
      ],
      "urlName": "aspendale",
      "platforms": [
        {
          "id": "1",
          "rules": [
            "up"
          ]
        },
        {
          "id": "2",
          "rules": [
            "down"
          ]
        }
      ]
    },
    {
      "id": 1134,
      "name": "Mordialloc",
      "adjacent": [
        1154,
        1011
      ],
      "urlName": "mordialloc",
      "platforms": [
        {
          "id": "1",
          "rules": [
            "up"
          ]
        },
        {
          "id": "2",
          "rules": [
            "down"
          ]
        }
      ]
    },
    {
      "id": 1154,
      "name": "Parkdale",
      "adjacent": [
        1122,
        1134
      ],
      "urlName": "parkdale",
      "platforms": [
        {
          "id": "1",
          "rules": [
            "up"
          ]
        },
        {
          "id": "2",
          "rules": [
            "down"
          ]
        }
      ]
    },
    {
      "id": 1122,
      "name": "Mentone",
      "adjacent": [
        1039,
        1154
      ],
      "urlName": "mentone",
      "platforms": [
        {
          "id": "1",
          "rules": [
            "up"
          ]
        },
        {
          "id": "2",
          "rules": [
            "down"
          ]
        }
      ]
    },
    {
      "id": 1039,
      "name": "Cheltenham",
      "adjacent": [
        1001,
        1122
      ],
      "urlName": "cheltenham",
      "platforms": [
        {
          "id": "1",
          "rules": [
            "up"
          ]
        },
        {
          "id": "2",
          "rules": [
            "up"
          ]
        },
        {
          "id": "3",
          "rules": [
            "down"
          ]
        }
      ]
    },
    {
      "id": 1001,
      "name": "Southland",
      "adjacent": [
        1095,
        1039
      ],
      "urlName": "southland",
      "platforms": [
        {
          "id": "1",
          "rules": [
            "up"
          ]
        },
        {
          "id": "2",
          "rules": [
            "down"
          ]
        }
      ]
    },
    {
      "id": 1095,
      "name": "Highett",
      "adjacent": [
        1132,
        1001
      ],
      "urlName": "highett",
      "platforms": [
        {
          "id": "1",
          "rules": [
            "up"
          ]
        },
        {
          "id": "2",
          "rules": [
            "down"
          ]
        }
      ]
    },
    {
      "id": 1132,
      "name": "Moorabbin",
      "adjacent": [
        1157,
        1095
      ],
      "urlName": "moorabbin",
      "platforms": [
        {
          "id": "1",
          "rules": [
            "up"
          ]
        },
        {
          "id": "2"
        },
        {
          "id": "3",
          "rules": [
            "down"
          ]
        }
      ]
    },
    {
      "id": 1157,
      "name": "Patterson",
      "adjacent": [
        1020,
        1132
      ],
      "urlName": "patterson",
      "platforms": [
        {
          "id": "1",
          "rules": [
            "up"
          ]
        },
        {
          "id": "2"
        },
        {
          "id": "3",
          "rules": [
            "down"
          ]
        }
      ]
    },
    {
      "id": 1020,
      "name": "Bentleigh",
      "adjacent": [
        1119,
        1157
      ],
      "urlName": "bentleigh",
      "platforms": [
        {
          "id": "1",
          "rules": [
            "up"
          ]
        },
        {
          "id": "2"
        },
        {
          "id": "3",
          "rules": [
            "down"
          ]
        }
      ]
    },
    {
      "id": 1119,
      "name": "McKinnon",
      "adjacent": [
        1152,
        1020
      ],
      "urlName": "mckinnon",
      "platforms": [
        {
          "id": "1",
          "rules": [
            "up"
          ]
        },
        {
          "id": "2"
        },
        {
          "id": "3",
          "rules": [
            "down"
          ]
        }
      ]
    },
    {
      "id": 1152,
      "name": "Ormond",
      "adjacent": [
        1081,
        1119
      ],
      "urlName": "ormond",
      "platforms": [
        {
          "id": "1",
          "rules": [
            "up"
          ]
        },
        {
          "id": "2"
        },
        {
          "id": "3",
          "rules": [
            "down"
          ]
        }
      ]
    },
    {
      "id": 1081,
      "name": "Glenhuntly",
      "adjacent": [
        1036,
        1152
      ],
      "urlName": "glenhuntly",
      "platforms": [
        {
          "id": "1",
          "rules": [
            "up"
          ]
        },
        {
          "id": "2"
        },
        {
          "id": "3",
          "rules": [
            "down"
          ]
        }
      ]
    },
    {
      "id": 1173,
      "name": "Sandringham",
      "adjacent": [
        1086
      ],
      "urlName": "sandringham",
      "platforms": [
        {
          "id": "1"
        }
      ]
    },
    {
      "id": 1086,
      "name": "Hampton",
      "adjacent": [
        1173,
        1027
      ],
      "urlName": "hampton",
      "platforms": [
        {
          "id": "1",
          "rules": [
            "up"
          ]
        },
        {
          "id": "2",
          "rules": [
            "down"
          ]
        }
      ]
    },
    {
      "id": 1027,
      "name": "Brighton Beach",
      "adjacent": [
        1086,
        1126
      ],
      "urlName": "brightonbeach",
      "platforms": [
        {
          "id": "1",
          "rules": [
            "none"
          ]
        },
        {
          "id": "2",
          "rules": [
            "up"
          ]
        },
        {
          "id": "3",
          "rules": [
            "down"
          ]
        }
      ]
    },
    {
      "id": 1126,
      "name": "Middle Brighton",
      "adjacent": [
        1027,
        1143
      ],
      "urlName": "middlebrighton",
      "platforms": [
        {
          "id": "1",
          "rules": [
            "up"
          ]
        },
        {
          "id": "2",
          "rules": [
            "down"
          ]
        }
      ]
    },
    {
      "id": 1143,
      "name": "North Brighton",
      "adjacent": [
        1126,
        1074
      ],
      "urlName": "northbrighton",
      "platforms": [
        {
          "id": "1",
          "rules": [
            "up"
          ]
        },
        {
          "id": "2",
          "rules": [
            "down"
          ]
        }
      ]
    },
    {
      "id": 1074,
      "name": "Gardenvale",
      "adjacent": [
        1143,
        1061
      ],
      "urlName": "gardenvale",
      "platforms": [
        {
          "id": "1",
          "rules": [
            "up"
          ]
        },
        {
          "id": "2",
          "rules": [
            "down"
          ]
        }
      ]
    },
    {
      "id": 1061,
      "name": "Elsternwick",
      "adjacent": [
        1074,
        1165
      ],
      "urlName": "elsternwick",
      "platforms": [
        {
          "id": "1",
          "rules": [
            "up"
          ]
        },
        {
          "id": "2",
          "rules": [
            "down"
          ]
        }
      ]
    },
    {
      "id": 1165,
      "name": "Ripponlea",
      "adjacent": [
        1061,
        1013
      ],
      "urlName": "ripponlea",
      "platforms": [
        {
          "id": "1",
          "rules": [
            "up"
          ]
        },
        {
          "id": "2",
          "rules": [
            "down"
          ]
        }
      ]
    },
    {
      "id": 1013,
      "name": "Balaclava",
      "adjacent": [
        1165,
        1214
      ],
      "urlName": "balaclava",
      "platforms": [
        {
          "id": "1",
          "rules": [
            "up"
          ]
        },
        {
          "id": "2",
          "rules": [
            "down"
          ]
        }
      ]
    },
    {
      "id": 1214,
      "name": "Windsor",
      "adjacent": [
        1013,
        1158
      ],
      "urlName": "windsor",
      "platforms": [
        {
          "id": "1",
          "rules": [
            "up"
          ]
        },
        {
          "id": "2",
          "rules": [
            "down"
          ]
        }
      ]
    },
    {
      "id": 1158,
      "name": "Prahran",
      "adjacent": [
        1180,
        1214
      ],
      "urlName": "prahran",
      "platforms": [
        {
          "id": "1",
          "rules": [
            "up"
          ]
        },
        {
          "id": "2",
          "rules": [
            "down"
          ]
        }
      ]
    },
    {
      "id": 1211,
      "name": "Williamstown",
      "adjacent": [
        1212
      ],
      "urlName": "williamstown",
      "platforms": [
        {
          "id": "1"
        }
      ]
    },
    {
      "id": 1212,
      "name": "Williamstown Beach",
      "adjacent": [
        1146,
        1211
      ],
      "urlName": "williamstownbeach",
      "platforms": [
        {
          "id": "1",
          "rules": [
            "up"
          ]
        },
        {
          "id": "2",
          "rules": [
            "down"
          ]
        }
      ]
    },
    {
      "id": 1146,
      "name": "North Williamstown",
      "adjacent": [
        1141,
        1212
      ],
      "urlName": "northwilliamstown",
      "platforms": [
        {
          "id": "1",
          "rules": [
            "up"
          ]
        },
        {
          "id": "2",
          "rules": [
            "down"
          ]
        }
      ]
    },
    {
      "id": 1141,
      "name": "Newport",
      "adjacent": [
        1182,
        1146,
        1175
      ],
      "urlName": "newport",
      "platforms": [
        {
          "id": "1",
          "rules": [
            "up"
          ]
        },
        {
          "id": "2",
          "rules": [
            "down"
          ]
        }
      ]
    },
    {
      "id": 1182,
      "name": "Spotswood",
      "adjacent": [
        1216,
        1141
      ],
      "urlName": "spotswood",
      "platforms": [
        {
          "id": "1",
          "rules": [
            "up"
          ]
        },
        {
          "id": "2",
          "rules": [
            "down"
          ]
        }
      ]
    },
    {
      "id": 1216,
      "name": "Yarraville",
      "adjacent": [
        1176,
        1182
      ],
      "urlName": "yarraville",
      "platforms": [
        {
          "id": "1",
          "rules": [
            "up"
          ]
        },
        {
          "id": "2",
          "rules": [
            "down"
          ]
        }
      ]
    },
    {
      "id": 1176,
      "name": "Seddon",
      "adjacent": [
        1072,
        1216
      ],
      "urlName": "seddon",
      "platforms": [
        {
          "id": "1",
          "rules": [
            "up"
          ]
        },
        {
          "id": "2",
          "rules": [
            "down"
          ]
        }
      ]
    },
    {
      "id": 1072,
      "name": "Footscray",
      "adjacent": [
        1179,
        1176,
        1127
      ],
      "urlName": "footscray",
      "platforms": [
        {
          "id": "1",
          "rules": [
            "up yellow"
          ]
        },
        {
          "id": "2",
          "rules": [
            "down yellow"
          ]
        },
        {
          "id": "3",
          "rules": [
            "up purple"
          ]
        },
        {
          "id": "4",
          "rules": [
            "down purple"
          ]
        },
        {
          "id": "5",
          "rules": [
            "up green"
          ]
        },
        {
          "id": "6",
          "rules": [
            "down green"
          ]
        }
      ]
    },
    {
      "id": 1179,
      "name": "South Kensington",
      "adjacent": [
        1144,
        1072
      ],
      "urlName": "southkensington",
      "platforms": [
        {
          "id": "1",
          "rules": [
            "up"
          ]
        },
        {
          "id": "2",
          "rules": [
            "down"
          ]
        }
      ]
    },
    {
      "id": 1205,
      "name": "Werribee",
      "adjacent": [
        1097
      ],
      "urlName": "werribee",
      "platforms": [
        {
          "id": "1"
        },
        {
          "id": "2"
        },
        {
          "id": "3"
        }
      ]
    },
    {
      "id": 1097,
      "name": "Hoppers Crossing",
      "adjacent": [
        1205,
        1225
      ],
      "urlName": "hopperscrossing",
      "platforms": [
        {
          "id": "1",
          "rules": [
            "up"
          ]
        },
        {
          "id": "2",
          "rules": [
            "down"
          ]
        }
      ]
    },
    {
      "id": 1225,
      "name": "Williams Landing",
      "adjacent": [
        1097,
        1220
      ],
      "urlName": "williamslanding",
      "platforms": [
        {
          "id": "1",
          "rules": [
            "up"
          ]
        },
        {
          "id": "2",
          "rules": [
            "down"
          ]
        }
      ]
    },
    {
      "id": 1220,
      "name": "Aircraft",
      "adjacent": [
        1225,
        1113
      ],
      "urlName": "aircraft",
      "platforms": [
        {
          "id": "1",
          "rules": [
            "up"
          ]
        },
        {
          "id": "2",
          "rules": [
            "down"
          ]
        }
      ]
    },
    {
      "id": 1113,
      "name": "Laverton",
      "adjacent": [
        1220,
        1210
      ],
      "urlName": "laverton",
      "platforms": [
        {
          "id": "1",
          "rules": [
            "up !stops-at-1005"
          ]
        },
        {
          "id": "2",
          "rules": [
            "down"
          ]
        },
        {
          "id": "3",
          "rules": [
            "down",
            "stops-at-1005"
          ]
        }
      ]
    },
    {
      "id": 1210,
      "name": "Westona",
      "adjacent": [
        1113,
        1005
      ],
      "urlName": "westona",
      "platforms": [
        {
          "id": "1",
          "rules": [
            "up"
          ]
        },
        {
          "id": "2",
          "rules": [
            "down"
          ]
        }
      ]
    },
    {
      "id": 1005,
      "name": "Altona",
      "adjacent": [
        1210,
        1175
      ],
      "urlName": "altona",
      "platforms": [
        {
          "id": "1"
        }
      ]
    },
    {
      "id": 1175,
      "name": "Seaholme",
      "adjacent": [
        1141,
        1005
      ],
      "urlName": "seaholme",
      "platforms": [
        {
          "id": "1"
        }
      ]
    },
    {
      "id": 1198,
      "name": "Upfield",
      "adjacent": [
        1083
      ],
      "urlName": "upfield",
      "platforms": [
        {
          "id": "1"
        }
      ]
    },
    {
      "id": 1083,
      "name": "Gowrie",
      "adjacent": [
        1198,
        1066
      ],
      "urlName": "gowrie",
      "platforms": [
        {
          "id": "1",
          "rules": [
            "up"
          ]
        },
        {
          "id": "2",
          "rules": [
            "down"
          ]
        }
      ]
    },
    {
      "id": 1066,
      "name": "Fawkner",
      "adjacent": [
        1083,
        1124
      ],
      "urlName": "fawkner",
      "platforms": [
        {
          "id": "1",
          "rules": [
            "up"
          ]
        },
        {
          "id": "2",
          "rules": [
            "down"
          ]
        }
      ]
    },
    {
      "id": 1124,
      "name": "Merlynston",
      "adjacent": [
        1066,
        1014
      ],
      "urlName": "merlynston",
      "platforms": [
        {
          "id": "1",
          "rules": [
            "up"
          ]
        },
        {
          "id": "2",
          "rules": [
            "down"
          ]
        }
      ]
    },
    {
      "id": 1014,
      "name": "Batman",
      "adjacent": [
        1124,
        1042
      ],
      "urlName": "batman",
      "platforms": [
        {
          "id": "1",
          "rules": [
            "up"
          ]
        },
        {
          "id": "2",
          "rules": [
            "down"
          ]
        }
      ]
    },
    {
      "id": 1042,
      "name": "Coburg",
      "adjacent": [
        1014,
        1135
      ],
      "urlName": "coburg",
      "platforms": [
        {
          "id": "1",
          "rules": [
            "up"
          ]
        },
        {
          "id": "2",
          "rules": [
            "down"
          ]
        }
      ]
    },
    {
      "id": 1135,
      "name": "Moreland",
      "adjacent": [
        1042,
        1006
      ],
      "urlName": "moreland",
      "platforms": [
        {
          "id": "1",
          "rules": [
            "up"
          ]
        },
        {
          "id": "2",
          "rules": [
            "down"
          ]
        }
      ]
    },
    {
      "id": 1006,
      "name": "Anstey",
      "adjacent": [
        1135,
        1029
      ],
      "urlName": "anstey",
      "platforms": [
        {
          "id": "1",
          "rules": [
            "up"
          ]
        },
        {
          "id": "2",
          "rules": [
            "down"
          ]
        }
      ]
    },
    {
      "id": 1029,
      "name": "Brunswick",
      "adjacent": [
        1006,
        1103
      ],
      "urlName": "brunswick",
      "platforms": [
        {
          "id": "1",
          "rules": [
            "up"
          ]
        },
        {
          "id": "2",
          "rules": [
            "down"
          ]
        }
      ]
    },
    {
      "id": 1103,
      "name": "Jewell",
      "adjacent": [
        1029,
        1169
      ],
      "urlName": "jewell",
      "platforms": [
        {
          "id": "1",
          "rules": [
            "up"
          ]
        },
        {
          "id": "2",
          "rules": [
            "down"
          ]
        }
      ]
    },
    {
      "id": 1169,
      "name": "Royal Park",
      "adjacent": [
        1103,
        1069
      ],
      "urlName": "royalpark",
      "platforms": [
        {
          "id": "1",
          "rules": [
            "up"
          ]
        },
        {
          "id": "2",
          "rules": [
            "down"
          ]
        }
      ]
    },
    {
      "id": 1069,
      "name": "Flemington Bridge",
      "adjacent": [
        1169,
        1116
      ],
      "urlName": "flemingtonbridge",
      "platforms": [
        {
          "id": "1",
          "rules": [
            "up"
          ]
        },
        {
          "id": "2",
          "rules": [
            "down"
          ]
        }
      ]
    },
    {
      "id": 1116,
      "name": "Macaulay",
      "adjacent": [
        1069,
        1144
      ],
      "urlName": "macaulay",
      "platforms": [
        {
          "id": "1",
          "rules": [
            "up"
          ]
        },
        {
          "id": "2",
          "rules": [
            "down"
          ]
        }
      ]
    },
    {
      "id": 1078,
      "name": "Glen Waverley",
      "adjacent": [
        1190
      ],
      "urlName": "glenwaverley",
      "platforms": [
        {
          "id": "1"
        },
        {
          "id": "2"
        }
      ]
    },
    {
      "id": 1190,
      "name": "Syndal",
      "adjacent": [
        1137,
        1078
      ],
      "urlName": "syndal",
      "platforms": [
        {
          "id": "1",
          "rules": [
            "up"
          ]
        },
        {
          "id": "2",
          "rules": [
            "down"
          ]
        }
      ]
    },
    {
      "id": 1137,
      "name": "Mount Waverley",
      "adjacent": [
        1105,
        1190
      ],
      "urlName": "mountwaverley",
      "platforms": [
        {
          "id": "1",
          "rules": [
            "up"
          ]
        },
        {
          "id": "2",
          "rules": [
            "down"
          ]
        }
      ]
    },
    {
      "id": 1105,
      "name": "Jordanville",
      "adjacent": [
        1096,
        1137
      ],
      "urlName": "jordanville",
      "platforms": [
        {
          "id": "1",
          "rules": [
            "up"
          ]
        },
        {
          "id": "2",
          "rules": [
            "down"
          ]
        }
      ]
    },
    {
      "id": 1096,
      "name": "Holmesglen",
      "adjacent": [
        1058,
        1105
      ],
      "urlName": "holmesglen",
      "platforms": [
        {
          "id": "1",
          "rules": [
            "up"
          ]
        },
        {
          "id": "2",
          "rules": [
            "down"
          ]
        }
      ]
    },
    {
      "id": 1058,
      "name": "East Malvern",
      "adjacent": [
        1051,
        1096
      ],
      "urlName": "eastmalvern",
      "platforms": [
        {
          "id": "1",
          "rules": [
            "up"
          ]
        },
        {
          "id": "2",
          "rules": [
            "down"
          ]
        }
      ]
    },
    {
      "id": 1051,
      "name": "Darling",
      "adjacent": [
        1077,
        1058
      ],
      "urlName": "darling",
      "platforms": [
        {
          "id": "1",
          "rules": [
            "up"
          ]
        },
        {
          "id": "2",
          "rules": [
            "down"
          ]
        }
      ]
    },
    {
      "id": 1077,
      "name": "Glen Iris",
      "adjacent": [
        1075,
        1051
      ],
      "urlName": "gleniris",
      "platforms": [
        {
          "id": "1",
          "rules": [
            "up"
          ]
        },
        {
          "id": "2",
          "rules": [
            "down"
          ]
        }
      ]
    },
    {
      "id": 1075,
      "name": "Gardiner",
      "adjacent": [
        1195,
        1077
      ],
      "urlName": "gardiner",
      "platforms": [
        {
          "id": "1",
          "rules": [
            "up"
          ]
        },
        {
          "id": "2",
          "rules": [
            "down"
          ]
        }
      ]
    },
    {
      "id": 1195,
      "name": "Tooronga",
      "adjacent": [
        1110,
        1075
      ],
      "urlName": "tooronga",
      "platforms": [
        {
          "id": "1",
          "rules": [
            "up"
          ]
        },
        {
          "id": "2",
          "rules": [
            "down"
          ]
        }
      ]
    },
    {
      "id": 1110,
      "name": "Kooyong",
      "adjacent": [
        1094,
        1195
      ],
      "urlName": "kooyong",
      "platforms": [
        {
          "id": "1",
          "rules": [
            "up"
          ]
        },
        {
          "id": "2",
          "rules": [
            "down"
          ]
        }
      ]
    },
    {
      "id": 1094,
      "name": "Heyington",
      "adjacent": [
        1030,
        1110
      ],
      "urlName": "heyington",
      "platforms": [
        {
          "id": "1",
          "rules": [
            "up"
          ]
        },
        {
          "id": "2",
          "rules": [
            "down"
          ]
        }
      ]
    },
    {
      "id": 1030,
      "name": "Burnley",
      "adjacent": [
        1059,
        1094,
        1090
      ],
      "urlName": "burnley",
      "platforms": [
        {
          "id": "1",
          "rules": [
            "up"
          ]
        },
        {
          "id": "2",
          "rules": [
            "up"
          ]
        },
        {
          "id": "3",
          "rules": [
            "down"
          ]
        },
        {
          "id": "4",
          "rules": [
            "down"
          ]
        }
      ]
    },
    {
      "id": 1059,
      "name": "East Richmond",
      "adjacent": [
        1162,
        1030
      ],
      "urlName": "eastrichmond",
      "platforms": [
        {
          "id": "1",
          "rules": [
            "up"
          ]
        },
        {
          "id": "2",
          "rules": [
            "down"
          ]
        }
      ]
    },
    {
      "id": 1002,
      "name": "Alamein",
      "adjacent": [
        1010
      ],
      "urlName": "alamein",
      "platforms": [
        {
          "id": "1"
        }
      ]
    },
    {
      "id": 1010,
      "name": "Ashburton",
      "adjacent": [
        1002,
        1031
      ],
      "urlName": "ashburton",
      "platforms": [
        {
          "id": "1"
        }
      ]
    },
    {
      "id": 1031,
      "name": "Burwood",
      "adjacent": [
        1010,
        1087
      ],
      "urlName": "burwood",
      "platforms": [
        {
          "id": "1",
          "rules": [
            "up"
          ]
        },
        {
          "id": "2",
          "rules": [
            "down"
          ]
        }
      ]
    },
    {
      "id": 1087,
      "name": "Hartwell",
      "adjacent": [
        1031,
        1213
      ],
      "urlName": "hartwell",
      "platforms": [
        {
          "id": "1",
          "rules": [
            "up"
          ]
        },
        {
          "id": "2",
          "rules": [
            "down"
          ]
        }
      ]
    },
    {
      "id": 1213,
      "name": "Willison",
      "adjacent": [
        1087,
        1166
      ],
      "urlName": "willison",
      "platforms": [
        {
          "id": "1",
          "rules": [
            "up"
          ]
        },
        {
          "id": "2",
          "rules": [
            "down"
          ]
        }
      ]
    },
    {
      "id": 1166,
      "name": "Riversdale",
      "adjacent": [
        1213,
        1032
      ],
      "urlName": "riversdale",
      "platforms": [
        {
          "id": "1",
          "rules": [
            "up"
          ]
        },
        {
          "id": "2",
          "rules": [
            "down"
          ]
        }
      ]
    },
    {
      "id": 1032,
      "name": "Camberwell",
      "adjacent": [
        1166,
        1012,
        1057
      ],
      "urlName": "camberwell",
      "platforms": [
        {
          "id": "1",
          "rules": [
            "up !alamein",
            "alamein !terminates-at-1032"
          ]
        },
        {
          "id": "2",
          "rules": [
            "belgrave",
            "lilydale",
            "alamein terminates-at-1032"
          ]
        },
        {
          "id": "3",
          "rules": [
            "down"
          ]
        }
      ]
    },
    {
      "id": 1012,
      "name": "Auburn",
      "adjacent": [
        1032,
        1080
      ],
      "urlName": "auburn",
      "platforms": [
        {
          "id": "1",
          "rules": [
            "up"
          ]
        },
        {
          "id": "2",
          "rules": [
            "down lilydale",
            "down belgrave"
          ]
        },
        {
          "id": "3",
          "rules": [
            "down weekday"
          ]
        }
      ]
    },
    {
      "id": 1080,
      "name": "Glenferrie",
      "adjacent": [
        1012,
        1090
      ],
      "urlName": "glenferrie",
      "platforms": [
        {
          "id": "1",
          "rules": [
            "up"
          ]
        },
        {
          "id": "2",
          "rules": [
            "lilydale down weekend",
            "belgrave down weekend",
            "lilydale up weekday",
            "belgrave up weekday"
          ]
        },
        {
          "id": "3",
          "rules": [
            "down weekday"
          ]
        }
      ]
    },
    {
      "id": 1090,
      "name": "Hawthorn",
      "adjacent": [
        1080,
        1030
      ],
      "urlName": "hawthorn",
      "platforms": [
        {
          "id": "1",
          "rules": [
            "up"
          ]
        },
        {
          "id": "2",
          "rules": [
            "down lilydale",
            "down belgrave"
          ]
        },
        {
          "id": "3",
          "rules": [
            "down alamein",
            "down lilydale weekday",
            "down belgrave weekday"
          ]
        }
      ]
    },
    {
      "id": 1018,
      "name": "Belgrave",
      "adjacent": [
        1191
      ],
      "urlName": "belgrave",
      "platforms": [
        {
          "id": "1"
        },
        {
          "id": "2"
        }
      ]
    },
    {
      "id": 1191,
      "name": "Tecoma",
      "adjacent": [
        1200,
        1018
      ],
      "urlName": "tecoma",
      "platforms": [
        {
          "id": "1"
        }
      ]
    },
    {
      "id": 1200,
      "name": "Upwey",
      "adjacent": [
        1199,
        1191
      ],
      "urlName": "upwey",
      "platforms": [
        {
          "id": "1",
          "rules": [
            "up"
          ]
        },
        {
          "id": "2",
          "rules": [
            "down"
          ]
        }
      ]
    },
    {
      "id": 1199,
      "name": "Upper Ferntree Gully",
      "adjacent": [
        1067,
        1200
      ],
      "urlName": "upperferntreegully",
      "platforms": [
        {
          "id": "1",
          "rules": [
            "up"
          ]
        },
        {
          "id": "2",
          "rules": [
            "down"
          ]
        }
      ]
    },
    {
      "id": 1067,
      "name": "Ferntree Gully",
      "adjacent": [
        1025,
        1199
      ],
      "urlName": "ferntreegully",
      "platforms": [
        {
          "id": "1",
          "rules": [
            "up"
          ]
        },
        {
          "id": "2",
          "rules": [
            "down"
          ]
        }
      ]
    },
    {
      "id": 1025,
      "name": "Boronia",
      "adjacent": [
        1016,
        1067
      ],
      "urlName": "boronia",
      "platforms": [
        {
          "id": "1",
          "rules": [
            "up"
          ]
        },
        {
          "id": "2",
          "rules": [
            "down"
          ]
        }
      ]
    },
    {
      "id": 1016,
      "name": "Bayswater",
      "adjacent": [
        1092,
        1025
      ],
      "urlName": "bayswater",
      "platforms": [
        {
          "id": "1",
          "rules": [
            "up"
          ]
        },
        {
          "id": "2",
          "rules": [
            "down"
          ]
        }
      ]
    },
    {
      "id": 1092,
      "name": "Heathmont",
      "adjacent": [
        1163,
        1016
      ],
      "urlName": "heathmont",
      "platforms": [
        {
          "id": "1",
          "rules": [
            "up"
          ]
        },
        {
          "id": "2",
          "rules": [
            "down"
          ]
        }
      ]
    },
    {
      "id": 1163,
      "name": "Ringwood",
      "adjacent": [
        1091,
        1092,
        1164
      ],
      "urlName": "ringwood",
      "platforms": [
        {
          "id": "1"
        },
        {
          "id": "2"
        },
        {
          "id": "3",
          "rules": [
            "down"
          ]
        }
      ]
    },
    {
      "id": 1091,
      "name": "Heatherdale",
      "adjacent": [
        1128,
        1163
      ],
      "urlName": "heatherdale",
      "platforms": [
        {
          "id": "1",
          "rules": [
            "up"
          ]
        },
        {
          "id": "2",
          "rules": [
            "down"
          ]
        }
      ]
    },
    {
      "id": 1128,
      "name": "Mitcham",
      "adjacent": [
        1148,
        1091
      ],
      "urlName": "mitcham",
      "platforms": [
        {
          "id": "1",
          "rules": [
            "up"
          ]
        },
        {
          "id": "2",
          "rules": [
            "down"
          ]
        }
      ]
    },
    {
      "id": 1148,
      "name": "Nunawading",
      "adjacent": [
        1023,
        1128
      ],
      "urlName": "nunawading",
      "platforms": [
        {
          "id": "1",
          "rules": [
            "up"
          ]
        },
        {
          "id": "2",
          "rules": [
            "down"
          ]
        }
      ]
    },
    {
      "id": 1023,
      "name": "Blackburn",
      "adjacent": [
        1111,
        1148
      ],
      "urlName": "blackburn",
      "platforms": [
        {
          "id": "1",
          "rules": [
            "up"
          ]
        },
        {
          "id": "2"
        },
        {
          "id": "3",
          "rules": [
            "down weekday"
          ]
        }
      ]
    },
    {
      "id": 1111,
      "name": "Laburnum",
      "adjacent": [
        1026,
        1023
      ],
      "urlName": "laburnum",
      "platforms": [
        {
          "id": "1",
          "rules": [
            "up"
          ]
        },
        {
          "id": "2",
          "rules": [
            "down"
          ]
        }
      ]
    },
    {
      "id": 1026,
      "name": "Box Hill",
      "adjacent": [
        1129,
        1111
      ],
      "urlName": "boxhill",
      "platforms": [
        {
          "id": "1",
          "rules": [
            "none"
          ]
        },
        {
          "id": "2",
          "rules": [
            "up"
          ]
        },
        {
          "id": "3"
        },
        {
          "id": "4",
          "rules": [
            "down weekday"
          ]
        }
      ]
    },
    {
      "id": 1129,
      "name": "Mont Albert",
      "adjacent": [
        1189,
        1026
      ],
      "urlName": "montalbert",
      "platforms": [
        {
          "id": "1",
          "rules": [
            "up"
          ]
        },
        {
          "id": "2",
          "rules": [
            "down"
          ]
        },
        {
          "id": "3",
          "rules": [
            "down weekday"
          ]
        }
      ]
    },
    {
      "id": 1189,
      "name": "Surrey Hills",
      "adjacent": [
        1037,
        1129
      ],
      "urlName": "surreyhills",
      "platforms": [
        {
          "id": "1",
          "rules": [
            "up"
          ]
        },
        {
          "id": "2",
          "rules": [
            "down"
          ]
        },
        {
          "id": "3",
          "rules": [
            "down weekday"
          ]
        }
      ]
    },
    {
      "id": 1037,
      "name": "Chatham",
      "adjacent": [
        1033,
        1189
      ],
      "urlName": "chatham",
      "platforms": [
        {
          "id": "1",
          "rules": [
            "up"
          ]
        },
        {
          "id": "2",
          "rules": [
            "down"
          ]
        },
        {
          "id": "3",
          "rules": [
            "down weekday"
          ]
        }
      ]
    },
    {
      "id": 1033,
      "name": "Canterbury",
      "adjacent": [
        1057,
        1037
      ],
      "urlName": "canterbury",
      "platforms": [
        {
          "id": "1",
          "rules": [
            "up"
          ]
        },
        {
          "id": "2",
          "rules": [
            "down"
          ]
        },
        {
          "id": "3",
          "rules": [
            "down weekday"
          ]
        }
      ]
    },
    {
      "id": 1057,
      "name": "East Camberwell",
      "adjacent": [
        1032,
        1033
      ],
      "urlName": "eastcamberwell",
      "platforms": [
        {
          "id": "1",
          "rules": [
            "up"
          ]
        },
        {
          "id": "2",
          "rules": [
            "down"
          ]
        },
        {
          "id": "3",
          "rules": [
            "down weekday"
          ]
        }
      ]
    },
    {
      "id": 1115,
      "name": "Lilydale",
      "adjacent": [
        1133
      ],
      "urlName": "lilydale",
      "platforms": [
        {
          "id": "1"
        },
        {
          "id": "2"
        }
      ]
    },
    {
      "id": 1133,
      "name": "Mooroolbark",
      "adjacent": [
        1048,
        1115
      ],
      "urlName": "mooroolbark",
      "platforms": [
        {
          "id": "1"
        },
        {
          "id": "2",
          "rules": [
            "down"
          ]
        }
      ]
    },
    {
      "id": 1048,
      "name": "Croydon",
      "adjacent": [
        1164,
        1133
      ],
      "urlName": "croydon",
      "platforms": [
        {
          "id": "1",
          "rules": [
            "up"
          ]
        },
        {
          "id": "2",
          "rules": [
            "down"
          ]
        }
      ]
    },
    {
      "id": 1164,
      "name": "Ringwood East",
      "adjacent": [
        1163,
        1048
      ],
      "urlName": "ringwoodeast",
      "platforms": [
        {
          "id": "1",
          "rules": [
            "up"
          ]
        },
        {
          "id": "2",
          "rules": [
            "down"
          ]
        }
      ]
    },
    {
      "id": 1228,
      "name": "Mernda",
      "adjacent": [
        1227
      ],
      "urlName": "mernda",
      "platforms": [
        {
          "id": "1"
        },
        {
          "id": "2"
        }
      ]
    },
    {
      "id": 1227,
      "name": "Hawkstowe",
      "adjacent": [
        1226,
        1228
      ],
      "urlName": "hawkstowe",
      "platforms": [
        {
          "id": "1",
          "rules": [
            "up"
          ]
        },
        {
          "id": "2",
          "rules": [
            "down"
          ]
        }
      ]
    },
    {
      "id": 1226,
      "name": "Middle Gorge",
      "adjacent": [
        1224,
        1227
      ],
      "urlName": "middlegorge",
      "platforms": [
        {
          "id": "1",
          "rules": [
            "up"
          ]
        },
        {
          "id": "2",
          "rules": [
            "down"
          ]
        }
      ]
    },
    {
      "id": 1224,
      "name": "South Morang",
      "adjacent": [
        1063,
        1226
      ],
      "urlName": "southmorang",
      "platforms": [
        {
          "id": "1",
          "rules": [
            "up"
          ]
        },
        {
          "id": "2",
          "rules": [
            "down"
          ]
        }
      ]
    },
    {
      "id": 1063,
      "name": "Epping",
      "adjacent": [
        1112,
        1224
      ],
      "urlName": "epping",
      "platforms": [
        {
          "id": "1",
          "rules": [
            "up"
          ]
        },
        {
          "id": "2",
          "rules": [
            "down"
          ]
        }
      ]
    },
    {
      "id": 1112,
      "name": "Lalor",
      "adjacent": [
        1192,
        1063
      ],
      "urlName": "lalor",
      "platforms": [
        {
          "id": "1",
          "rules": [
            "up"
          ]
        },
        {
          "id": "2",
          "rules": [
            "down"
          ]
        }
      ]
    },
    {
      "id": 1192,
      "name": "Thomastown",
      "adjacent": [
        1109,
        1112
      ],
      "urlName": "thomastown",
      "platforms": [
        {
          "id": "1",
          "rules": [
            "up"
          ]
        },
        {
          "id": "2",
          "rules": [
            "down"
          ]
        }
      ]
    },
    {
      "id": 1109,
      "name": "Keon Park",
      "adjacent": [
        1171,
        1192
      ],
      "urlName": "keonpark",
      "platforms": [
        {
          "id": "1",
          "rules": [
            "up"
          ]
        },
        {
          "id": "2",
          "rules": [
            "down"
          ]
        }
      ]
    },
    {
      "id": 1171,
      "name": "Ruthven",
      "adjacent": [
        1161,
        1109
      ],
      "urlName": "ruthven",
      "platforms": [
        {
          "id": "1",
          "rules": [
            "up"
          ]
        },
        {
          "id": "2",
          "rules": [
            "down"
          ]
        }
      ]
    },
    {
      "id": 1161,
      "name": "Reservoir",
      "adjacent": [
        1160,
        1171
      ],
      "urlName": "reservoir",
      "platforms": [
        {
          "id": "1",
          "rules": [
            "up"
          ]
        },
        {
          "id": "2",
          "rules": [
            "down"
          ]
        }
      ]
    },
    {
      "id": 1160,
      "name": "Regent",
      "adjacent": [
        1159,
        1161
      ],
      "urlName": "regent",
      "platforms": [
        {
          "id": "1",
          "rules": [
            "up"
          ]
        },
        {
          "id": "2",
          "rules": [
            "down"
          ]
        }
      ]
    },
    {
      "id": 1159,
      "name": "Preston",
      "adjacent": [
        1019,
        1160
      ],
      "urlName": "preston",
      "platforms": [
        {
          "id": "1",
          "rules": [
            "up"
          ]
        },
        {
          "id": "2",
          "rules": [
            "down"
          ]
        }
      ]
    },
    {
      "id": 1019,
      "name": "Bell",
      "adjacent": [
        1193,
        1159
      ],
      "urlName": "bell",
      "platforms": [
        {
          "id": "1",
          "rules": [
            "up"
          ]
        },
        {
          "id": "2",
          "rules": [
            "down"
          ]
        }
      ]
    },
    {
      "id": 1193,
      "name": "Thornbury",
      "adjacent": [
        1047,
        1019
      ],
      "urlName": "thornbury",
      "platforms": [
        {
          "id": "1",
          "rules": [
            "up"
          ]
        },
        {
          "id": "2",
          "rules": [
            "down"
          ]
        }
      ]
    },
    {
      "id": 1047,
      "name": "Croxton",
      "adjacent": [
        1147,
        1193
      ],
      "urlName": "croxton",
      "platforms": [
        {
          "id": "1",
          "rules": [
            "up"
          ]
        },
        {
          "id": "2",
          "rules": [
            "down"
          ]
        }
      ]
    },
    {
      "id": 1147,
      "name": "Northcote",
      "adjacent": [
        1125,
        1047
      ],
      "urlName": "northcote",
      "platforms": [
        {
          "id": "1",
          "rules": [
            "up"
          ]
        },
        {
          "id": "2",
          "rules": [
            "down"
          ]
        }
      ]
    },
    {
      "id": 1125,
      "name": "Merri",
      "adjacent": [
        1170,
        1147
      ],
      "urlName": "merri",
      "platforms": [
        {
          "id": "1",
          "rules": [
            "up"
          ]
        },
        {
          "id": "2",
          "rules": [
            "down"
          ]
        }
      ]
    },
    {
      "id": 1170,
      "name": "Rushall",
      "adjacent": [
        1041,
        1125
      ],
      "urlName": "rushall",
      "platforms": [
        {
          "id": "1",
          "rules": [
            "up"
          ]
        },
        {
          "id": "2",
          "rules": [
            "down"
          ]
        }
      ]
    },
    {
      "id": 1041,
      "name": "Clifton Hill",
      "adjacent": [
        1201,
        1170,
        1209
      ],
      "urlName": "cliftonhill",
      "platforms": [
        {
          "id": "1",
          "rules": [
            "up"
          ]
        },
        {
          "id": "2",
          "rules": [
            "down"
          ]
        }
      ]
    },
    {
      "id": 1201,
      "name": "Victoria Park",
      "adjacent": [
        1043,
        1041
      ],
      "urlName": "victoriapark",
      "platforms": [
        {
          "id": "1",
          "rules": [
            "up"
          ]
        },
        {
          "id": "2",
          "rules": [
            "down"
          ]
        }
      ]
    },
    {
      "id": 1043,
      "name": "Collingwood",
      "adjacent": [
        1145,
        1201
      ],
      "urlName": "collingwood",
      "platforms": [
        {
          "id": "1",
          "rules": [
            "up"
          ]
        },
        {
          "id": "2",
          "rules": [
            "down"
          ]
        }
      ]
    },
    {
      "id": 1145,
      "name": "North Richmond",
      "adjacent": [
        1207,
        1043
      ],
      "urlName": "northrichmond",
      "platforms": [
        {
          "id": "1",
          "rules": [
            "up"
          ]
        },
        {
          "id": "2",
          "rules": [
            "down"
          ]
        }
      ]
    },
    {
      "id": 1207,
      "name": "West Richmond",
      "adjacent": [
        1104,
        1145
      ],
      "urlName": "westrichmond",
      "platforms": [
        {
          "id": "1",
          "rules": [
            "up"
          ]
        },
        {
          "id": "2",
          "rules": [
            "down"
          ]
        }
      ]
    },
    {
      "id": 1100,
      "name": "Hurstbridge",
      "adjacent": [
        1204
      ],
      "urlName": "hurstbridge",
      "platforms": [
        {
          "id": "1"
        }
      ]
    },
    {
      "id": 1204,
      "name": "Wattle Glen",
      "adjacent": [
        1054,
        1100
      ],
      "urlName": "wattleglen",
      "platforms": [
        {
          "id": "1"
        }
      ]
    },
    {
      "id": 1054,
      "name": "Diamond Creek",
      "adjacent": [
        1062,
        1204
      ],
      "urlName": "diamondcreek",
      "platforms": [
        {
          "id": "1"
        },
        {
          "id": "2"
        }
      ]
    },
    {
      "id": 1062,
      "name": "Eltham",
      "adjacent": [
        1130,
        1054
      ],
      "urlName": "eltham",
      "platforms": [
        {
          "id": "1"
        },
        {
          "id": "2"
        }
      ]
    },
    {
      "id": 1130,
      "name": "Montmorency",
      "adjacent": [
        1084,
        1062
      ],
      "urlName": "montmorency",
      "platforms": [
        {
          "id": "1"
        }
      ]
    },
    {
      "id": 1084,
      "name": "Greensborough",
      "adjacent": [
        1203,
        1130
      ],
      "urlName": "greensborough",
      "platforms": [
        {
          "id": "1"
        },
        {
          "id": "2"
        }
      ]
    },
    {
      "id": 1203,
      "name": "Watsonia",
      "adjacent": [
        1117,
        1084
      ],
      "urlName": "watsonia",
      "platforms": [
        {
          "id": "1",
          "rules": [
            "up"
          ]
        },
        {
          "id": "2",
          "rules": [
            "down"
          ]
        }
      ]
    },
    {
      "id": 1117,
      "name": "Macleod",
      "adjacent": [
        1168,
        1203
      ],
      "urlName": "macleod",
      "platforms": [
        {
          "id": "1",
          "rules": [
            "up !originates-at-1117"
          ]
        },
        {
          "id": "2",
          "rules": [
            "down !terminates-at-1117"
          ]
        },
        {
          "id": "3",
          "rules": [
            "terminates-at-1117 originates-at-1117"
          ]
        }
      ]
    },
    {
      "id": 1168,
      "name": "Rosanna",
      "adjacent": [
        1093,
        1117
      ],
      "urlName": "rosanna",
      "platforms": [
        {
          "id": "1",
          "rules": [
            "up"
          ]
        },
        {
          "id": "2",
          "rules": [
            "down"
          ]
        }
      ]
    },
    {
      "id": 1093,
      "name": "Heidelberg",
      "adjacent": [
        1056,
        1168
      ],
      "urlName": "heidelberg",
      "platforms": [
        {
          "id": "1",
          "rules": [
            "up"
          ]
        },
        {
          "id": "2",
          "rules": [
            "down"
          ]
        }
      ]
    },
    {
      "id": 1056,
      "name": "Eaglemont",
      "adjacent": [
        1101,
        1093
      ],
      "urlName": "eaglemont",
      "platforms": [
        {
          "id": "1",
          "rules": [
            "up"
          ]
        },
        {
          "id": "2",
          "rules": [
            "down"
          ]
        }
      ]
    },
    {
      "id": 1101,
      "name": "Ivanhoe",
      "adjacent": [
        1050,
        1056
      ],
      "urlName": "ivanhoe",
      "platforms": [
        {
          "id": "1",
          "rules": [
            "up"
          ]
        },
        {
          "id": "2",
          "rules": [
            "down"
          ]
        }
      ]
    },
    {
      "id": 1050,
      "name": "Darebin",
      "adjacent": [
        1004,
        1101
      ],
      "urlName": "darebin",
      "platforms": [
        {
          "id": "1",
          "rules": [
            "up"
          ]
        },
        {
          "id": "2",
          "rules": [
            "down"
          ]
        }
      ]
    },
    {
      "id": 1004,
      "name": "Alphington",
      "adjacent": [
        1065,
        1050
      ],
      "urlName": "alphington",
      "platforms": [
        {
          "id": "1",
          "rules": [
            "up"
          ]
        },
        {
          "id": "2",
          "rules": [
            "down"
          ]
        }
      ]
    },
    {
      "id": 1065,
      "name": "Fairfield",
      "adjacent": [
        1053,
        1004
      ],
      "urlName": "fairfield",
      "platforms": [
        {
          "id": "1",
          "rules": [
            "up"
          ]
        },
        {
          "id": "2",
          "rules": [
            "down"
          ]
        }
      ]
    },
    {
      "id": 1053,
      "name": "Dennis",
      "adjacent": [
        1209,
        1065
      ],
      "urlName": "dennis",
      "platforms": [
        {
          "id": "1",
          "rules": [
            "up"
          ]
        },
        {
          "id": "2",
          "rules": [
            "down"
          ]
        }
      ]
    },
    {
      "id": 1209,
      "name": "Westgarth",
      "adjacent": [
        1041,
        1053
      ],
      "urlName": "westgarth",
      "platforms": [
        {
          "id": "1",
          "rules": [
            "up"
          ]
        },
        {
          "id": "2",
          "rules": [
            "down"
          ]
        }
      ]
    },
    {
      "id": 1044,
      "name": "Craigieburn",
      "adjacent": [
        1219
      ],
      "urlName": "craigieburn",
      "platforms": [
        {
          "id": "1",
          "rules": [
            "yellow",
            "purple"
          ]
        },
        {
          "id": "2",
          "rules": [
            "down purple",
            "yellow"
          ]
        }
      ]
    },
    {
      "id": 1219,
      "name": "Roxburgh Park",
      "adjacent": [
        1044,
        1221
      ],
      "urlName": "roxburghpark",
      "platforms": [
        {
          "id": "1",
          "rules": [
            "up"
          ]
        },
        {
          "id": "2",
          "rules": [
            "down"
          ]
        }
      ]
    },
    {
      "id": 1221,
      "name": "Coolaroo",
      "adjacent": [
        1219,
        1028
      ],
      "urlName": "coolaroo",
      "platforms": [
        {
          "id": "1",
          "rules": [
            "up"
          ]
        },
        {
          "id": "2",
          "rules": [
            "down"
          ]
        }
      ]
    },
    {
      "id": 1028,
      "name": "Broadmeadows",
      "adjacent": [
        1221,
        1102
      ],
      "urlName": "broadmeadows",
      "platforms": [
        {
          "id": "1",
          "rules": [
            "up !albury"
          ]
        },
        {
          "id": "2",
          "rules": [
            "down !albury"
          ]
        },
        {
          "id": "3",
          "rules": [
            "albury"
          ]
        }
      ]
    },
    {
      "id": 1102,
      "name": "Jacana",
      "adjacent": [
        1028,
        1082
      ],
      "urlName": "jacana",
      "platforms": [
        {
          "id": "1",
          "rules": [
            "up"
          ]
        },
        {
          "id": "2",
          "rules": [
            "down"
          ]
        }
      ]
    },
    {
      "id": 1082,
      "name": "Glenroy",
      "adjacent": [
        1102,
        1149
      ],
      "urlName": "glenroy",
      "platforms": [
        {
          "id": "1",
          "rules": [
            "up"
          ]
        },
        {
          "id": "2",
          "rules": [
            "down"
          ]
        }
      ]
    },
    {
      "id": 1149,
      "name": "Oak Park",
      "adjacent": [
        1082,
        1156
      ],
      "urlName": "oakpark",
      "platforms": [
        {
          "id": "1",
          "rules": [
            "up"
          ]
        },
        {
          "id": "2",
          "rules": [
            "down"
          ]
        }
      ]
    },
    {
      "id": 1156,
      "name": "Pascoe Vale",
      "adjacent": [
        1149,
        1186
      ],
      "urlName": "pascoevale",
      "platforms": [
        {
          "id": "1",
          "rules": [
            "up"
          ]
        },
        {
          "id": "2",
          "rules": [
            "down"
          ]
        }
      ]
    },
    {
      "id": 1186,
      "name": "Strathmore",
      "adjacent": [
        1156,
        1079
      ],
      "urlName": "strathmore",
      "platforms": [
        {
          "id": "1",
          "rules": [
            "up"
          ]
        },
        {
          "id": "2",
          "rules": [
            "down"
          ]
        }
      ]
    },
    {
      "id": 1079,
      "name": "Glenbervie",
      "adjacent": [
        1186,
        1064
      ],
      "urlName": "glenbervie",
      "platforms": [
        {
          "id": "1",
          "rules": [
            "up"
          ]
        },
        {
          "id": "2",
          "rules": [
            "down"
          ]
        }
      ]
    },
    {
      "id": 1064,
      "name": "Essendon",
      "adjacent": [
        1079,
        1131
      ],
      "urlName": "essendon",
      "platforms": [
        {
          "id": "1",
          "rules": [
            "none"
          ]
        },
        {
          "id": "2",
          "rules": [
            "up"
          ]
        },
        {
          "id": "3",
          "rules": [
            "down"
          ]
        }
      ]
    },
    {
      "id": 1131,
      "name": "Moonee Ponds",
      "adjacent": [
        1064,
        1009
      ],
      "urlName": "mooneeponds",
      "platforms": [
        {
          "id": "1",
          "rules": [
            "up"
          ]
        },
        {
          "id": "2",
          "rules": [
            "down"
          ]
        }
      ]
    },
    {
      "id": 1009,
      "name": "Ascot Vale",
      "adjacent": [
        1131,
        1140
      ],
      "urlName": "ascotvale",
      "platforms": [
        {
          "id": "1",
          "rules": [
            "up"
          ]
        },
        {
          "id": "2",
          "rules": [
            "down"
          ]
        }
      ]
    },
    {
      "id": 1140,
      "name": "Newmarket",
      "adjacent": [
        1009,
        1108
      ],
      "urlName": "newmarket",
      "platforms": [
        {
          "id": "1",
          "rules": [
            "up"
          ]
        },
        {
          "id": "2",
          "rules": [
            "down"
          ]
        }
      ]
    },
    {
      "id": 1108,
      "name": "Kensington",
      "adjacent": [
        1144,
        1140
      ],
      "urlName": "kensington",
      "platforms": [
        {
          "id": "1",
          "rules": [
            "up"
          ]
        },
        {
          "id": "2",
          "rules": [
            "down"
          ]
        }
      ]
    },
    {
      "id": 1187,
      "name": "Sunbury",
      "adjacent": [
        1055
      ],
      "urlName": "sunbury",
      "platforms": [
        {
          "id": "1"
        },
        {
          "id": "2"
        }
      ]
    },
    {
      "id": 1055,
      "name": "Diggers Rest",
      "adjacent": [
        1202,
        1187
      ],
      "urlName": "diggersrest",
      "platforms": [
        {
          "id": "1",
          "rules": [
            "up"
          ]
        },
        {
          "id": "2",
          "rules": [
            "down"
          ]
        }
      ]
    },
    {
      "id": 1202,
      "name": "Watergardens",
      "adjacent": [
        1107,
        1055
      ],
      "urlName": "watergardens",
      "platforms": [
        {
          "id": "1",
          "rules": [
            "yellow terminates-at-1202",
            "yellow up",
            "purple up"
          ]
        },
        {
          "id": "2",
          "rules": [
            "yellow terminates-at-1202",
            "yellow up"
          ]
        },
        {
          "id": "3",
          "rules": [
            "yellow down !terminates-at-1202",
            "purple down"
          ]
        }
      ]
    },
    {
      "id": 1107,
      "name": "Keilor Plains",
      "adjacent": [
        1184,
        1202
      ],
      "urlName": "keilorplains",
      "platforms": [
        {
          "id": "1",
          "rules": [
            "up"
          ]
        },
        {
          "id": "2",
          "rules": [
            "down"
          ]
        }
      ]
    },
    {
      "id": 1184,
      "name": "St Albans",
      "adjacent": [
        1076,
        1107
      ],
      "urlName": "stalbans",
      "platforms": [
        {
          "id": "1",
          "rules": [
            "up"
          ]
        },
        {
          "id": "2",
          "rules": [
            "down"
          ]
        }
      ]
    },
    {
      "id": 1076,
      "name": "Ginifer",
      "adjacent": [
        1003,
        1184
      ],
      "urlName": "ginifer",
      "platforms": [
        {
          "id": "1",
          "rules": [
            "up"
          ]
        },
        {
          "id": "2",
          "rules": [
            "down"
          ]
        }
      ]
    },
    {
      "id": 1003,
      "name": "Albion",
      "adjacent": [
        1218,
        1076
      ],
      "urlName": "albion",
      "platforms": [
        {
          "id": "1",
          "rules": [
            "up"
          ]
        },
        {
          "id": "2",
          "rules": [
            "down"
          ]
        }
      ]
    },
    {
      "id": 1218,
      "name": "Sunshine",
      "adjacent": [
        1196,
        1003
      ],
      "urlName": "sunshine",
      "platforms": [
        {
          "id": "1",
          "rules": [
            "up yellow"
          ]
        },
        {
          "id": "2",
          "rules": [
            "down yellow"
          ]
        },
        {
          "id": "3",
          "rules": [
            "up purple"
          ]
        },
        {
          "id": "4",
          "rules": [
            "down purple"
          ]
        }
      ]
    },
    {
      "id": 1196,
      "name": "Tottenham",
      "adjacent": [
        1206,
        1218
      ],
      "urlName": "tottenham",
      "platforms": [
        {
          "id": "1",
          "rules": [
            "up"
          ]
        },
        {
          "id": "2",
          "rules": [
            "down"
          ]
        }
      ]
    },
    {
      "id": 1206,
      "name": "West Footscray",
      "adjacent": [
        1127,
        1196
      ],
      "urlName": "westfootscray",
      "platforms": [
        {
          "id": "1",
          "rules": [
            "up"
          ]
        },
        {
          "id": "2",
          "rules": [
            "none"
          ]
        },
        {
          "id": "3",
          "rules": [
            "down"
          ]
        }
      ]
    },
    {
      "id": 1127,
      "name": "Middle Footscray",
      "adjacent": [
        1072,
        1206
      ],
      "urlName": "middlefootscray",
      "platforms": [
        {
          "id": "1",
          "rules": [
            "up"
          ]
        },
        {
          "id": "2",
          "rules": [
            "down"
          ]
        }
      ]
    }
  ]
}
